layer,head,redundancy_score,entropy,energy,sparsity,compression_ratio,n_partners
2,0,0.9353,7.1409,18.92121,0.5880,2.0000,1
2,9,0.9353,7.1330,18.62706,0.5901,2.0157,1
11,6,0.8634,6.4345,8.26621,0.7388,3.6571,2
11,10,0.8634,6.6041,7.89339,0.7115,2.9425,4
1,7,0.8395,6.9107,5.11898,0.6409,2.2655,3
2,3,0.8395,7.0112,4.27817,0.6133,2.0000,3
4,5,0.8344,6.8903,7.60336,0.6492,2.3704,1
5,0,0.8344,6.6829,6.78941,0.6904,2.6947,1
11,1,0.8140,6.7434,7.64696,0.6751,2.5347,1
11,3,0.8051,6.4145,8.88387,0.7403,3.6056,2
11,4,0.7934,6.5202,6.91106,0.7217,3.2405,1
9,0,0.7921,6.5185,8.41655,0.7155,3.1220,1
9,7,0.7921,6.7519,7.80343,0.6674,2.4151,1
6,9,0.7905,6.7098,7.16169,0.6839,2.6947,2
7,9,0.7905,6.4935,7.99506,0.7252,3.3247,1
9,6,0.7891,6.3333,8.04504,0.7452,3.6056,1
3,7,0.7885,7.1561,4.01100,0.5787,1.8417,2
4,8,0.7794,6.9355,6.28417,0.6309,2.1333,2
8,0,0.7794,6.8648,5.89644,0.6483,2.2456,2
9,1,0.7770,6.6527,6.08261,0.7020,2.9091,2
10,3,0.7693,6.6131,7.87613,0.7034,3.0476,1
5,1,0.7692,6.0767,12.73774,0.7938,4.6545,1
7,7,0.7692,6.1013,13.60027,0.7891,4.9231,1
4,9,0.7641,7.0457,4.50773,0.5968,1.9394,1
5,4,0.7641,7.0342,4.72821,0.5990,1.9692,1
6,3,0.7618,6.5256,9.29811,0.7206,3.0476,1
6,10,0.7618,6.5776,9.51364,0.7074,2.9425,1
5,10,0.7616,6.9170,6.58486,0.6417,2.2261,1
1,5,0.7487,7.2440,3.28639,0.5492,1.6623,1
7,8,0.7486,6.8506,6.34758,0.6572,2.4381,1
6,6,0.7451,6.6830,7.25309,0.6845,2.6667,1
7,2,0.7451,6.9096,7.53638,0.6492,2.3486,1
4,4,0.7424,7.2663,5.06022,0.5444,1.6732,1
7,5,0.7424,7.2249,5.60278,0.5580,1.7778,1
2,10,0.7366,6.8550,5.97033,0.6466,2.3063,1
8,1,0.7297,6.6415,5.94868,0.6792,2.6392,1
0,0,0.0000,7.1897,1.77195,0.5704,1.8551,0
0,1,0.0000,7.3972,3.71271,0.4983,1.5059,0
0,2,0.0000,7.0343,7.52905,0.6160,2.0813,0
0,3,0.0000,6.8190,6.74032,0.6646,2.4854,0
0,4,0.0000,7.2468,2.64545,0.5495,1.7534,0
0,5,0.0000,7.2297,5.28816,0.5504,1.7067,0
0,6,0.0000,7.3263,2.32400,0.5282,1.6623,0
0,7,0.0000,7.3147,3.62546,0.5243,1.6516,0
0,8,0.0000,7.2752,2.60681,0.5449,1.7067,0
0,9,0.0000,7.1850,3.47871,0.5640,1.8028,0
0,10,0.0000,6.9508,9.55621,0.6395,2.2857,0
0,11,0.0000,7.2225,4.32254,0.5514,1.7297,0
1,0,0.0000,7.2744,3.49356,0.5445,1.7067,0
1,1,0.0000,7.0578,7.95201,0.6107,2.0317,0
1,2,0.0000,7.0194,4.85119,0.6114,2.0157,0
1,3,0.0000,7.1942,4.42763,0.5582,1.7655,0
1,4,0.0000,7.0689,9.66624,0.6075,2.0480,0
1,6,0.0000,5.9988,13.66895,0.8077,5.0196,0
1,8,0.0000,7.1342,2.38379,0.5808,1.8028,0
1,9,0.0000,6.9906,3.38236,0.6163,2.0317,0
1,10,0.0000,6.9165,5.95587,0.6275,2.1333,0
1,11,0.0000,7.2620,4.44250,0.5405,1.6410,0
2,1,0.0000,6.9466,6.94914,0.6360,2.2069,0
2,2,0.0000,6.5069,8.22949,0.7172,3.1605,0
2,4,0.0000,7.1424,4.96636,0.5675,1.7415,0
2,5,0.0000,7.3185,3.62644,0.5239,1.5802,0
2,6,0.0000,7.2660,7.04026,0.5434,1.6732,0
2,7,0.0000,7.2615,4.24797,0.5317,1.6410,0
2,8,0.0000,7.2541,4.50472,0.5417,1.6516,0
2,11,0.0000,7.0828,6.12375,0.5969,1.9394,0
3,0,0.0000,7.0249,5.90963,0.6161,1.9845,0
3,1,0.0000,7.1646,3.90845,0.5708,1.8551,0
3,2,0.0000,7.2339,3.53689,0.5476,1.6516,0
3,3,0.0000,7.0176,4.89561,0.6199,2.0984,0
3,4,0.0000,7.4331,4.04350,0.4838,1.4884,0
3,5,0.0000,7.0474,12.65869,0.6145,2.1880,0
3,6,0.0000,7.1157,3.13747,0.5778,1.8156,0
3,8,0.0000,7.1947,5.08983,0.5637,1.8028,0
3,9,0.0000,6.9169,9.74877,0.6403,2.1513,0
3,10,0.0000,7.3983,4.28747,0.4973,1.4798,0
3,11,0.0000,6.9685,5.10880,0.6225,2.0813,0
4,0,0.0000,6.9397,5.86571,0.6245,2.0984,0
4,1,0.0000,7.4493,3.18323,0.4760,1.5515,0
4,2,0.0000,6.9132,5.67921,0.6338,2.1695,0
4,3,0.0000,6.4913,10.52801,0.7241,3.1605,0
4,6,0.0000,7.0272,6.72725,0.6045,1.9394,0
4,7,0.0000,6.7145,9.13943,0.6871,2.5859,0
4,10,0.0000,6.9866,6.14599,0.6181,2.0813,0
4,11,0.0000,6.9837,8.42783,0.6232,2.0645,0
5,2,0.0000,7.2149,4.58980,0.5547,1.6842,0
5,3,0.0000,6.9395,6.54990,0.6293,2.1695,0
5,5,0.0000,5.9513,12.08650,0.8014,5.5652,0
5,6,0.0000,6.1507,11.49542,0.7823,4.4912,0
5,7,0.0000,6.6724,9.26925,0.6999,2.7826,0
5,8,0.0000,6.9615,5.40684,0.6282,2.1695,0
5,9,0.0000,6.9334,9.47849,0.6424,2.2456,0
5,11,0.0000,6.7767,7.88576,0.6721,2.5098,0
6,0,0.0000,6.6255,10.83385,0.7032,2.8444,0
6,1,0.0000,7.0830,6.07687,0.5970,1.9248,0
6,2,0.0000,6.7289,7.93135,0.6768,2.5347,0
6,4,0.0000,6.6426,9.13733,0.7000,2.9091,0
6,5,0.0000,6.8187,7.74677,0.6585,2.3273,0
6,7,0.0000,6.9446,5.26472,0.6313,2.1513,0
6,8,0.0000,6.8462,5.95702,0.6572,2.3925,0
6,11,0.0000,7.2106,11.15587,0.5654,1.8551,0
7,0,0.0000,7.0147,6.27025,0.6184,2.1157,0
7,1,0.0000,6.9712,7.56413,0.6322,2.1880,0
7,3,0.0000,5.8660,11.31113,0.8086,6.7368,0
7,4,0.0000,6.9973,9.01457,0.6234,2.1513,0
7,6,0.0000,5.7234,12.25290,0.8319,7.5294,0
7,10,0.0000,7.0673,8.43898,0.6086,2.0645,0
7,11,0.0000,6.4449,12.57352,0.7437,3.5556,0
8,2,0.0000,6.1885,12.40068,0.7765,4.4138,0
8,3,0.0000,6.9557,5.08673,0.6219,2.0984,0
8,4,0.0000,6.9247,7.70546,0.6343,2.1880,0
8,5,0.0000,6.5628,9.13500,0.7124,2.8764,0
8,6,0.0000,6.0414,10.73043,0.7928,5.0196,0
8,7,0.0000,7.2906,3.66333,0.5319,1.6623,0
8,8,0.0000,7.1870,5.02836,0.5685,1.8028,0
8,9,0.0000,6.9323,6.18579,0.6389,2.1880,0
8,10,0.0000,6.8370,7.66312,0.6566,2.3925,0
8,11,0.0000,6.7426,6.07810,0.6667,2.5347,0
9,2,0.0000,7.2127,5.30296,0.5646,1.7778,0
9,3,0.0000,6.8028,5.59387,0.6510,2.3273,0
9,4,0.0000,6.8648,10.57350,0.6629,2.4854,0
9,5,0.0000,7.1587,5.34442,0.5832,1.9248,0
9,8,0.0000,7.0347,3.81695,0.6042,1.9542,0
9,9,0.0000,5.8464,10.60738,0.8131,6.7368,0
9,10,0.0000,7.1261,6.23405,0.5929,1.9845,0
9,11,0.0000,6.9431,4.05984,0.6372,2.2261,0
10,0,0.0000,7.2318,4.65316,0.5550,1.7297,0
10,1,0.0000,6.1934,21.86293,0.7813,5.1200,0
10,2,0.0000,6.7746,10.88964,0.6773,2.5859,0
10,4,0.0000,6.8632,11.35880,0.6555,2.3704,0
10,5,0.0000,6.0791,19.76106,0.7951,6.0952,0
10,6,0.0000,6.7477,14.38909,0.6841,2.5600,0
10,7,0.0000,6.7447,9.65777,0.6805,2.6392,0
10,8,0.0000,6.8179,5.44587,0.6655,2.4381,0
10,9,0.0000,6.4145,17.20419,0.7503,3.6571,0
10,10,0.0000,7.0488,6.07673,0.6086,2.0157,0
10,11,0.0000,6.8946,9.11879,0.6492,2.3063,0
11,0,0.0000,6.4710,8.22408,0.7335,3.4133,0
11,2,0.0000,6.7946,5.54230,0.6610,2.5098,0
11,5,0.0000,6.6881,6.30359,0.6857,2.6947,0
11,7,0.0000,5.9128,13.18851,0.8175,6.4000,0
11,8,0.0000,6.8354,5.68156,0.6507,2.2655,0
11,9,0.0000,7.0289,4.31479,0.6025,2.0317,0
11,11,0.0000,6.2289,11.61050,0.7718,5.0196,0
